{
	"format_version": "1.8.0",
	"animations": {
		"dmz.tail": {
			"animation_length": 3.9167,
			"bones": {
				"tail1bio": {
					"rotation": {
						"0.0": {
							"vector": [-2.50086, 1.49857, -0.06544]
						},
						"0.4167": {
							"vector": [-5.06125, 1.2793, -2.55654]
						},
						"0.9167": {
							"vector": [-2.61457, 1.1664, -5.05456]
						},
						"1.4167": {
							"vector": [-0.06357, 1.17029, -2.55404]
						},
						"1.9167": {
							"vector": [-0.06358, -1.32971, -2.55127]
						},
						"2.4167": {
							"vector": [-0.0637, -3.82971, -2.54849]
						},
						"2.9167": {
							"vector": [-2.5637, -3.82971, -2.54849]
						},
						"3.4167": {
							"vector": [-2.50086, 1.49857, -0.06544]
						},
						"3.9167": {
							"vector": [-2.50086, 1.49857, -0.06544]
						}
					},
					"position": {
						"0.0": {
							"vector": [-0.25, 0, -0.5]
						},
						"0.4167": {
							"vector": [-0.62, 0, -0.5]
						},
						"0.9167": {
							"vector": [-0.62, 0, -0.5]
						},
						"3.4167": {
							"vector": [0, 0, -0.5]
						},
						"3.9167": {
							"vector": [0, 0, -0.5]
						}
					}
				},
				"tail2bio": {
					"rotation": {
						"0.0": {
							"vector": [0, 2.5, 0]
						},
						"0.4167": {
							"vector": [2.5, 2.5, 0]
						},
						"0.9167": {
							"vector": [7.38473, 2.82387, -2.48161]
						},
						"1.4167": {
							"vector": [4.89983, -4.61397, -3.44602]
						},
						"1.9167": {
							"vector": [4.71597, -7.31464, -1.15251]
						},
						"2.4167": {
							"vector": [4.74702, -9.80613, -1.36103]
						},
						"2.9167": {
							"vector": [2.26625, -12.30419, -1.46132]
						},
						"3.4167": {
							"vector": [2.23231, -7.30803, -1.26224]
						},
						"3.9167": {
							"vector": [0, 2.5, 0]
						}
					},
					"position": {
						"0.0": {
							"vector": [-0.25, 0, -0.1]
						},
						"0.4167": {
							"vector": [-0.3, -0.3, -0.5]
						},
						"0.9167": {
							"vector": [-0.7, -0.8, -1.5]
						},
						"1.4167": {
							"vector": [0, -0.6, -1.3]
						},
						"1.9167": {
							"vector": [0.9, -0.5, -1.3]
						},
						"2.4167": {
							"vector": [1, -0.5, -1.1]
						},
						"2.9167": {
							"vector": [1.2, -0.3, -0.8]
						},
						"3.4167": {
							"vector": [0.5, -0.3, -1]
						},
						"3.9167": {
							"vector": [-0.3, 0, -0.1]
						}
					}
				},
				"tail3bio": {
					"rotation": {
						"0.0": {
							"vector": [2.5, 5, 0]
						},
						"0.4167": {
							"vector": [5, 5, 0]
						},
						"0.9167": {
							"vector": [7.53577, 7.47852, 0.32901]
						},
						"1.4167": {
							"vector": [9.98539, -4.83265, -1.84026]
						},
						"1.9167": {
							"vector": [12.59705, -9.75616, -2.71889]
						},
						"2.4167": {
							"vector": [10.28874, -14.67735, -3.62393]
						},
						"2.9167": {
							"vector": [5.28874, -14.67735, -3.62393]
						},
						"3.4167": {
							"vector": [2.69965, -2.19157, -3.02012]
						},
						"3.9167": {
							"vector": [2.5, 5, 0]
						}
					},
					"position": {
						"0.0": {
							"vector": [-0.6, -0.1, -0.6]
						},
						"0.4167": {
							"vector": [-0.6, -0.6, -1.1]
						},
						"0.9167": {
							"vector": [-0.9, -0.9, -1.5]
						},
						"1.4167": {
							"vector": [0.3, -1.3, -2]
						},
						"1.9167": {
							"vector": [1, -1.5, -2.5]
						},
						"2.4167": {
							"vector": [1.6, -1.2, -2.1]
						},
						"2.9167": {
							"vector": [1.2, -0.5, -1.1]
						},
						"3.4167": {
							"vector": [-0.2, -0.4, -0.8]
						},
						"3.9167": {
							"vector": [-0.6, -0.2, -0.6]
						}
					}
				},
				"tail4bio": {
					"rotation": {
						"0.0": {
							"vector": [2.5, 5, 0]
						},
						"0.4167": {
							"vector": [5.02391, 7.49044, 0.2197]
						},
						"0.9167": {
							"vector": [7.52391, 7.49044, 0.2197]
						},
						"1.4167": {
							"vector": [7.46606, -2.42455, -1.08435]
						},
						"1.9167": {
							"vector": [9.99374, -4.88673, -1.51845]
						},
						"2.4167": {
							"vector": [10.10634, -9.81011, -2.39795]
						},
						"2.9167": {
							"vector": [5.10634, -9.81011, -2.39795]
						},
						"3.4167": {
							"vector": [2.58928, -7.31268, -2.28337]
						},
						"3.9167": {
							"vector": [2.5, 5, 0]
						}
					},
					"position": {
						"0.0": {
							"vector": [-0.6, -0.1, -0.5]
						},
						"0.4167": {
							"vector": [-0.9, -0.6, -1]
						},
						"0.9167": {
							"vector": [-0.9, -0.9, -1.5]
						},
						"1.4167": {
							"vector": [0, -0.9, -1.7]
						},
						"1.9167": {
							"vector": [0.4, -1.3, -1.9]
						},
						"2.4167": {
							"vector": [1, -1.1, -1.9]
						},
						"2.9167": {
							"vector": [0.8, -0.5, -1.1]
						},
						"3.4167": {
							"vector": [0.5, -0.2, -0.5]
						},
						"3.9167": {
							"vector": [-0.6, -0.3, -0.5]
						}
					}
				},
				"tail5bio": {
					"rotation": {
						"0.0": {
							"vector": [2.5, 5, 0]
						},
						"0.4167": {
							"vector": [5.02391, 7.49044, 0.2197]
						},
						"0.9167": {
							"vector": [10.02391, 7.49044, 0.2197]
						},
						"1.4167": {
							"vector": [12.47314, -4.82118, -1.947]
						},
						"1.9167": {
							"vector": [12.61158, -9.70201, -3.04126]
						},
						"2.4167": {
							"vector": [12.84876, -14.57926, -4.16793]
						},
						"2.9167": {
							"vector": [10.34876, -14.57926, -4.16793]
						},
						"3.4167": {
							"vector": [7.52001, -2.27464, -1.93788]
						},
						"3.9167": {
							"vector": [2.5, 5, 0]
						}
					},
					"position": {
						"0.0": {
							"vector": [-0.6, -0.1, -0.5]
						},
						"0.4167": {
							"vector": [-0.9, -0.5, -1]
						},
						"0.9167": {
							"vector": [-1, -1.3, -2]
						},
						"1.4167": {
							"vector": [0.3, -1.6, -2.4]
						},
						"1.9167": {
							"vector": [1, -1.5, -2.4]
						},
						"2.4167": {
							"vector": [1.5, -1.6, -2.5]
						},
						"2.9167": {
							"vector": [1.4, -1.2, -2.1]
						},
						"3.4167": {
							"vector": [0, -0.9, -1.6]
						},
						"3.9167": {
							"vector": [-0.6, -0.3, -0.5]
						}
					}
				},
				"tail6bio": {
					"rotation": {
						"0.0": {
							"vector": [0, 5, 0]
						},
						"0.4167": {
							"vector": [5, 10, 0]
						},
						"0.9167": {
							"vector": [10, 10, 0]
						},
						"1.4167": {
							"vector": [9.85467, -2.3143, -2.15569]
						},
						"1.9167": {
							"vector": [9.92649, -7.24008, -3.01726]
						},
						"2.4167": {
							"vector": [10.07504, -12.1642, -3.89789]
						},
						"2.9167": {
							"vector": [4.47164, -14.86353, -1.55016]
						},
						"3.4167": {
							"vector": [4.35795, -7.38572, -0.9622]
						},
						"3.9167": {
							"vector": [0, 5, 0]
						}
					},
					"position": {
						"0.0": {
							"vector": [-0.2, 0, -0.3]
						},
						"0.4167": {
							"vector": [-0.5, -0.3, -1.1]
						},
						"0.9167": {
							"vector": [-0.6, -0.5, -2.2]
						},
						"1.4167": {
							"vector": [-0.2, -0.6, -2]
						},
						"1.9167": {
							"vector": [0.1, -0.6, -2]
						},
						"2.4167": {
							"vector": [0.2, -0.5, -2]
						},
						"2.9167": {
							"vector": [0.4, -0.2, -1.1]
						},
						"3.4167": {
							"vector": [0.1, -0.2, -1.1]
						},
						"3.9167": {
							"vector": [-0.2, 0, -0.3]
						}
					}
				}
			}
		},
		"misc.idle": {
			"animation_length": 3.75,
			"override_previous_animation": true,
			"bones": {
				"right_arm": {
					"rotation": {
						"0.0": {
							"vector": [0, 0, 0]
						},
						"0.5417": {
							"vector": [0, 0, 5]
						},
						"2.0": {
							"vector": [0, 0, 0]
						},
						"3.0": {
							"vector": [0, 0, 5]
						},
						"3.75": {
							"vector": [0, 0, 0]
						}
					},
					"position": {
						"vector": [0, 0, 0]
					}
				},
				"left_arm": {
					"rotation": {
						"0.0": {
							"vector": [0, 0, 0]
						},
						"0.5417": {
							"vector": [0, 0, -5]
						},
						"2.0": {
							"vector": [0, 0, 0]
						},