{
	"format_version": "1.8.0",
	"animations": {
		"animation.bioandroid.tail": {
			"loop": true,
			"animation_length": 3,
			"bones": {
				"tail1": {
					"rotation": {
						"0.0": {
							"vector": [12.6, -7.32, -1.63]
						},
						"0.4583": {
							"vector": [5.10443, -7.32123, -1.63219]
						},
						"0.9583": {
							"vector": [5.0681, 2.63959, -0.74601]
						},
						"1.4583": {
							"vector": [5.244, 15.08942, 0.38869]
						},
						"1.9583": {
							"vector": [10.244, 15.08942, 0.38869]
						},
						"2.4583": {
							"vector": [10, 0, 0]
						},
						"3.0": {
							"vector": [12.60443, -7.32123, -1.63219]
						}
					},
					"position": {
						"0.0": {
							"vector": [0, 0, -2.5]
						},
						"0.4583": {
							"vector": [0, 0, -1.5]
						},
						"0.9583": {
							"vector": [-0.5, 0, -2.5]
						},
						"1.4583": {
							"vector": [-1.5, 0, -2.5]
						},
						"1.9583": {
							"vector": [-1.25, 0, -2.5]
						},
						"2.4583": {
							"vector": [0, 0, -2.5]
						},
						"3.0": {
							"vector": [0, 0, -2.5]
						}
					}
				},
				"tail2": {
					"rotation": {
						"0.0": {
							"vector": [0, -5, 0]
						},
						"0.4583": {
							"vector": [-5, -7.5, 0]
						},
						"0.9583": {
							"vector": [0, -2.5, 0]
						},
						"1.4583": {
							"vector": [0, 2.5, 0]
						},
						"1.9583": {
							"vector": [2.5, 2.5, 0]
						},
						"2.4583": {
							"vector": [5, 2.5, 0]
						},
						"3.0": {
							"vector": [0, -5, 0]
						}
					},
					"position": {
						"0.0": {
							"vector": [0.25, 0, 0]
						},
						"0.4583": {
							"vector": [0.25, 0.25, 0.25]
						},
						"0.9583": {
							"vector": [0, 0, -0.25]
						},
						"1.4583": {
							"vector": [-0.25, 0, -0.25]
						},
						"1.9583": {
							"vector": [-0.25, 0, -0.5]
						},
						"2.4583": {
							"vector": [-0.25, -0.25, -1]
						},
						"3.0": {
							"vector": [0.25, 0, 0]
						}
					}
				},
				"tail3": {
					"rotation": {
						"0.0": {
							"vector": [-0.01666, -4.98807, 0.32787]
						},
						"0.4583": {
							"vector": [-5.0406, -7.47845, 0.54829]
						},
						"0.9583": {
							"vector": [4.91711, -0.00621, 1.19483]
						},
						"1.4583": {
							"vector": [4.93575, 4.97534, 1.62448]
						},
						"1.9583": {
							"vector": [7.52095, 9.93286, 2.28058]
						},
						"2.4583": {
							"vector": [7.43536, -4.94099, 0.33198]
						},
						"3.0": {
							"vector": [-0.01666, -4.98807, 0.32787]
						}
					},
					"position": {
						"0.0": {
							"vector": [0.25, 0, 0]
						},
						"0.4583": {
							"vector": [0.25, 0.25, 0.25]
						},
						"0.9583": {
							"vector": [0.25, -0.25, -1]
						},
						"1.4583": {
							"vector": [0, -0.25, -1]
						},
						"1.9583": {
							"vector": [-0.25, -0.25, -1.5]
						},
						"2.4583": {
							"vector": [0.25, -0.25, -1.5]
						},
						"3.0": {
							"vector": [0.25, 0, 0]
						}
					}
				},
				"tail4": {
					"rotation": {
						"0.0": {
							"vector": [0, -12.5, 0]
						},
						"0.4583": {
							"vector": [0, -17.5, 0]
						},
						"0.9583": {
							"vector": [0, 12.5, 0]
						},
						"1.4583": {
							"vector": [0, 20, 0]
						},
						"1.9583": {
							"vector": [-5.13932, 19.98047, -0.46311]
						},
						"2.4583": {
							"vector": [-7.43773, -9.87457, 2.47217]
						},
						"3.0": {
							"vector": [0, -12.5, 0]
						}
					},
					"position": {
						"0.0": {
							"vector": [0.5, 0, -0.25]
						},
						"0.4583": {
							"vector": [0.5, 0, -0.5]
						},
						"0.9583": {
							"vector": [-0.5, 0, -0.5]
						},
						"1.4583": {
							"vector": [-0.75, 0, -0.5]
						},
						"1.9583": {
							"vector": [-0.5, 0.25, 0.5]
						},
						"2.4583": {
							"vector": [0.5, 0.25, 0.75]
						},
						"3.0": {
							"vector": [0.5, 0, -0.25]
						}
					}
				},
				"tail5": {
					"rotation": {
						"0.0": {
							"vector": [-7.75573, -17.43607, 1.13599]
						},
						"0.4583": {
							"vector": [-12.57741, -12.4807, 0.44576]
						},
						"0.9583": {
							"vector": [-7.61816, 17.42855, -1.9853]
						},
						"1.4583": {
							"vector": [-11.35552, 34.75177, -4.76633]
						},
						"1.9583": {
							"vector": [-13.53391, 32.29931, -4.18416]
						},
						"2.4583": {
							"vector": [-11.77231, -14.17566, 6.06663]
						},
						"3.0": {
							"vector": [-7.65833, -14.95865, 0.78689]
						}
					},
					"position": {
						"0.0": {
							"vector": [0.5, 0.25, 0.75]
						},
						"0.4583": {
							"vector": [0.25, 0.25, 1.5]
						},
						"0.9583": {
							"vector": [-0.5, 0.25, 0.75]
						},
						"1.4583": {
							"vector": [-1.25, 0.25, 1]
						},
						"1.9583": {
							"vector": [-0.75, 0.25, 1.5]
						},
						"2.4583": {
							"vector": [1, 0.25, 1.25]
						},
						"3.0": {
							"vector": [0.5, 0.25, 0.75]
						}
					}
				},
				"tail6": {
					"rotation": {
						"0.0": {
							"vector": [0, -12.5, 0]
						},
						"0.4583": {
							"vector": [-5, -12.5, 0]
						},
						"0.9583": {
							"vector": [-4.95542, 9.9173, -1.94035]
						},
						"1.4583": {
							"vector": [-5.49707, 27.34586, -3.61609]
						},
						"1.9583": {
							"vector": [-10.49707, 27.34586, -3.61609]
						},
						"2.4583": {
							"vector": [-9.32001, -2.22789, 1.61434]
						},
						"3.0": {
							"vector": [0, -12.5, 0]
						}
					},
					"position": {
						"0.0": {
							"vector": [1.25, 0, -0.25]
						},
						"0.4583": {
							"vector": [1.25, 0.5, 0.75]
						},
						"0.9583": {
							"vector": [-1.25, 0.5, 0.5]
						},
						"1.4583": {
							"vector": [-3, 0.5, 0.5]
						},
						"1.9583": {
							"vector": [-2.75, 1, 1.5]
						},
						"2.4583": {
							"vector": [0.5, 1, 1.25]
						},
						"3.0": {
							"vector": [1.25, 0, -0.25]
						}
					}
				}
			}
		}
	}
}